row_id,position,X,Y
1,1,-123.16743,48.14192
1,2,-123.16740,48.14195
1,3,-123.16738,48.14198
2,1,-123.16745,48.14200
2,2,-123.16742,48.14203
2,3,-123.16740,48.14206
3,1,-123.16747,48.14208
3,2,-123.16744,48.14211
