tree_id,X,Y
MT-001,-123.16743,48.14192
MT-002,-123.16740,48.14195
MT-003,-123.16738,48.14198
MT-004,-123.16735,48.14201
MT-005,-123.16732,48.14204
